topic_id,score,side,radway_main_id,radway_secondary_id,radway_other_plausible_ids,radway_confidence,taxonomy_main_id,taxonomy_main_name,in_stage11_rising_atoms,in_stage11_falling_atoms,score_parts,in_current_h6,selected_new,selection_rank
29,10,rising,R11,R13,R12,high,4.5,"Reconciliation, Commitments & HEA",True,False,"{""radway_main"": 3, ""radway_secondary"": 2, ""radway_other_plausible"": 1, ""stage11_refined_match"": 2, ""radway_confidence_medium_high"": 1, ""rising_high_main_bonus"": 1}",False,True,1.0
38,10,rising,R10,R8,R9,high,4.2,Ongoing Courtship & Everyday Relational Bonding,True,False,"{""radway_main"": 3, ""radway_secondary"": 2, ""radway_other_plausible"": 1, ""stage11_refined_match"": 2, ""radway_confidence_medium_high"": 1, ""rising_high_main_bonus"": 1}",False,True,2.0
102,10,rising,R8,R9,R10,medium,3.2,Negative Emotions & Distress,True,True,"{""radway_main"": 3, ""radway_secondary"": 2, ""radway_other_plausible"": 1, ""stage11_refined_match"": 2, ""taxonomy_relevant"": 1, ""radway_confidence_medium_high"": 1}",False,True,3.0
128,10,rising,R11,R10,R9,medium,4.5,"Reconciliation, Commitments & HEA",True,False,"{""radway_main"": 3, ""radway_secondary"": 2, ""radway_other_plausible"": 1, ""stage11_refined_match"": 2, ""radway_confidence_medium_high"": 1, ""rising_high_main_bonus"": 1}",False,True,4.0
157,10,rising,R11,R9,R13,medium,4.5,"Reconciliation, Commitments & HEA",True,False,"{""radway_main"": 3, ""radway_secondary"": 2, ""radway_other_plausible"": 1, ""stage11_refined_match"": 2, ""radway_confidence_medium_high"": 1, ""rising_high_main_bonus"": 1}",False,True,5.0
242,10,rising,R10,R11,R9,high,4.5,"Reconciliation, Commitments & HEA",True,False,"{""radway_main"": 3, ""radway_secondary"": 2, ""radway_other_plausible"": 1, ""stage11_refined_match"": 2, ""radway_confidence_medium_high"": 1, ""rising_high_main_bonus"": 1}",False,True,6.0
305,10,rising,R10,R11,R13,medium,4.5,"Reconciliation, Commitments & HEA",True,False,"{""radway_main"": 3, ""radway_secondary"": 2, ""radway_other_plausible"": 1, ""stage11_refined_match"": 2, ""radway_confidence_medium_high"": 1, ""rising_high_main_bonus"": 1}",False,True,7.0
338,10,rising,R9,R8,R11,medium,9.2,"Promise, Vow & Future-Tense Speech Acts",True,False,"{""radway_main"": 3, ""radway_secondary"": 2, ""radway_other_plausible"": 1, ""stage11_refined_match"": 2, ""radway_confidence_medium_high"": 1, ""rising_high_main_bonus"": 1}",False,True,8.0
6,9,rising,R8,R9,R10,high,4.6,"Emotional Safety, Reassurance & Caretaking",True,False,"{""radway_main"": 3, ""radway_secondary"": 2, ""radway_other_plausible"": 1, ""stage11_refined_match"": 2, ""radway_confidence_medium_high"": 1}",False,True,9.0
36,9,rising,R8,R9,R10,medium,4.6,"Emotional Safety, Reassurance & Caretaking",True,False,"{""radway_main"": 3, ""radway_secondary"": 2, ""radway_other_plausible"": 1, ""stage11_refined_match"": 2, ""radway_confidence_medium_high"": 1}",False,True,10.0
45,9,rising,R8,R9,R11,medium,4.6,"Emotional Safety, Reassurance & Caretaking",True,False,"{""radway_main"": 3, ""radway_secondary"": 2, ""radway_other_plausible"": 1, ""stage11_refined_match"": 2, ""radway_confidence_medium_high"": 1}",False,True,11.0
46,9,rising,R8,R9,R10,medium,4.6,"Emotional Safety, Reassurance & Caretaking",True,False,"{""radway_main"": 3, ""radway_secondary"": 2, ""radway_other_plausible"": 1, ""stage11_refined_match"": 2, ""radway_confidence_medium_high"": 1}",False,True,12.0
56,9,rising,R8,R11,R9,high,4.6,"Emotional Safety, Reassurance & Caretaking",True,False,"{""radway_main"": 3, ""radway_secondary"": 2, ""radway_other_plausible"": 1, ""stage11_refined_match"": 2, ""radway_confidence_medium_high"": 1}",False,True,13.0
78,9,both,R11,R11,R6,low,7.2,"Violence, Threats & Non-Sexual Coercion",False,True,"{""radway_main"": 3, ""radway_secondary"": 2, ""radway_other_plausible"": 1, ""stage11_refined_match"": 2, ""rising_high_main_bonus"": 1}",False,True,14.0
96,9,rising,R8,R9,R10,medium,4.6,"Emotional Safety, Reassurance & Caretaking",True,False,"{""radway_main"": 3, ""radway_secondary"": 2, ""radway_other_plausible"": 1, ""stage11_refined_match"": 2, ""radway_confidence_medium_high"": 1}",False,True,15.0
100,9,rising,R8,R11,R13,medium,9.2,"Promise, Vow & Future-Tense Speech Acts",True,False,"{""radway_main"": 3, ""radway_secondary"": 2, ""radway_other_plausible"": 1, ""stage11_refined_match"": 2, ""radway_confidence_medium_high"": 1}",False,True,16.0
119,9,rising,R8,R9,R10,high,4.6,"Emotional Safety, Reassurance & Caretaking",True,False,"{""radway_main"": 3, ""radway_secondary"": 2, ""radway_other_plausible"": 1, ""stage11_refined_match"": 2, ""radway_confidence_medium_high"": 1}",False,True,17.0
124,9,rising,R8,R9,R13,medium,2.2,Kissing & Non-Explicit Affection,True,False,"{""radway_main"": 3, ""radway_secondary"": 2, ""radway_other_plausible"": 1, ""stage11_refined_match"": 2, ""radway_confidence_medium_high"": 1}",False,True,18.0
126,9,rising,R8,R9,R12,high,2.2,Kissing & Non-Explicit Affection,True,False,"{""radway_main"": 3, ""radway_secondary"": 2, ""radway_other_plausible"": 1, ""stage11_refined_match"": 2, ""radway_confidence_medium_high"": 1}",False,True,19.0
167,9,rising,R11,R13,,high,5.3a,Romantic Social Rituals & Public Couple Recognition,True,False,"{""radway_main"": 3, ""radway_secondary"": 2, ""stage11_refined_match"": 2, ""radway_confidence_medium_high"": 1, ""rising_high_main_bonus"": 1}",False,True,20.0
175,9,both,R8,R9,R3,medium,4.6,"Emotional Safety, Reassurance & Caretaking",True,False,"{""radway_main"": 3, ""radway_secondary"": 2, ""radway_other_plausible"": 1, ""stage11_refined_match"": 2, ""radway_confidence_medium_high"": 1}",False,True,21.0
232,9,falling,R3,R7,R2,medium,4.2,Ongoing Courtship & Everyday Relational Bonding,True,False,"{""radway_main"": 3, ""radway_secondary"": 2, ""radway_other_plausible"": 1, ""stage11_refined_match"": 2, ""radway_confidence_medium_high"": 1}",False,True,22.0
240,9,rising,R8,R9,R10,medium,4.6,"Emotional Safety, Reassurance & Caretaking",True,False,"{""radway_main"": 3, ""radway_secondary"": 2, ""radway_other_plausible"": 1, ""stage11_refined_match"": 2, ""radway_confidence_medium_high"": 1}",False,True,23.0
247,9,rising,R8,R11,R9,medium,4.6,"Emotional Safety, Reassurance & Caretaking",True,False,"{""radway_main"": 3, ""radway_secondary"": 2, ""radway_other_plausible"": 1, ""stage11_refined_match"": 2, ""radway_confidence_medium_high"": 1}",False,True,24.0
293,9,falling,R2,R5,R7,medium,4.7,Jealousy & Possessive Romance Conflict,False,True,"{""radway_main"": 3, ""radway_secondary"": 2, ""radway_other_plausible"": 1, ""stage11_refined_match"": 2, ""radway_confidence_medium_high"": 1}",False,True,25.0
85,11,both,R10,R5,R2,medium,4.4,"Conflict, Distance & Breakup Threats",True,True,"{""radway_main"": 3, ""radway_secondary"": 2, ""radway_other_plausible"": 1, ""stage11_refined_match"": 2, ""taxonomy_relevant"": 1, ""radway_confidence_medium_high"": 1, ""rising_high_main_bonus"": 1}",True,False,
3,10,falling,R2,R6,R5,medium,4.4,"Conflict, Distance & Breakup Threats",False,True,"{""radway_main"": 3, ""radway_secondary"": 2, ""radway_other_plausible"": 1, ""stage11_refined_match"": 2, ""taxonomy_relevant"": 1, ""radway_confidence_medium_high"": 1}",True,False,
24,10,both,R11,R7,R5|R6,low,4.4,"Conflict, Distance & Breakup Threats",True,True,"{""radway_main"": 3, ""radway_secondary"": 2, ""radway_other_plausible"": 1, ""stage11_refined_match"": 2, ""taxonomy_relevant"": 1, ""rising_high_main_bonus"": 1}",True,False,
43,10,falling,R2,R5,R6,medium,4.4,"Conflict, Distance & Breakup Threats",False,True,"{""radway_main"": 3, ""radway_secondary"": 2, ""radway_other_plausible"": 1, ""stage11_refined_match"": 2, ""taxonomy_relevant"": 1, ""radway_confidence_medium_high"": 1}",True,False,
129,10,falling,R2,R5,R6,medium,4.4,"Conflict, Distance & Breakup Threats",False,True,"{""radway_main"": 3, ""radway_secondary"": 2, ""radway_other_plausible"": 1, ""stage11_refined_match"": 2, ""taxonomy_relevant"": 1, ""radway_confidence_medium_high"": 1}",True,False,
256,10,falling,R7,R2,R5,medium,4.4,"Conflict, Distance & Breakup Threats",False,True,"{""radway_main"": 3, ""radway_secondary"": 2, ""radway_other_plausible"": 1, ""stage11_refined_match"": 2, ""taxonomy_relevant"": 1, ""radway_confidence_medium_high"": 1}",True,False,
316,10,falling,R6,R2,R5,medium,4.4,"Conflict, Distance & Breakup Threats",False,True,"{""radway_main"": 3, ""radway_secondary"": 2, ""radway_other_plausible"": 1, ""stage11_refined_match"": 2, ""taxonomy_relevant"": 1, ""radway_confidence_medium_high"": 1}",True,False,
37,9,falling,R2,R2,R5,low,4.3,"Secrets, Misunderstandings & Hidden Information",True,False,"{""radway_main"": 3, ""radway_secondary"": 2, ""radway_other_plausible"": 1, ""stage11_refined_match"": 2, ""taxonomy_relevant"": 1}",True,False,
177,9,both,R10,R8,R3,medium,4.3,"Secrets, Misunderstandings & Hidden Information",False,False,"{""radway_main"": 3, ""radway_secondary"": 2, ""radway_other_plausible"": 1, ""taxonomy_relevant"": 1, ""radway_confidence_medium_high"": 1, ""rising_high_main_bonus"": 1}",True,False,
294,9,falling,R6,R2,R5,medium,7.2,"Violence, Threats & Non-Sexual Coercion",False,True,"{""radway_main"": 3, ""radway_secondary"": 2, ""radway_other_plausible"": 1, ""stage11_refined_match"": 2, ""radway_confidence_medium_high"": 1}",False,False,
301,9,both,R10,R3,R8,medium,4.3,"Secrets, Misunderstandings & Hidden Information",False,False,"{""radway_main"": 3, ""radway_secondary"": 2, ""radway_other_plausible"": 1, ""taxonomy_relevant"": 1, ""radway_confidence_medium_high"": 1, ""rising_high_main_bonus"": 1}",True,False,
303,9,rising,R10,R9,R8,high,4.3,"Secrets, Misunderstandings & Hidden Information",False,False,"{""radway_main"": 3, ""radway_secondary"": 2, ""radway_other_plausible"": 1, ""taxonomy_relevant"": 1, ""radway_confidence_medium_high"": 1, ""rising_high_main_bonus"": 1}",True,False,
355,9,rising,R8,R9,R10,medium,4.6,"Emotional Safety, Reassurance & Caretaking",True,False,"{""radway_main"": 3, ""radway_secondary"": 2, ""radway_other_plausible"": 1, ""stage11_refined_match"": 2, ""radway_confidence_medium_high"": 1}",False,False,
51,8,falling,R6,R2,R1,medium,7.2,"Violence, Threats & Non-Sexual Coercion",False,True,"{""radway_main"": 3, ""radway_secondary"": 2, ""stage11_refined_match"": 2, ""radway_confidence_medium_high"": 1}",False,False,
62,8,rising,R10,R11,R9,medium,4.5,"Reconciliation, Commitments & HEA",False,False,"{""radway_main"": 3, ""radway_secondary"": 2, ""radway_other_plausible"": 1, ""radway_confidence_medium_high"": 1, ""rising_high_main_bonus"": 1}",False,False,
80,8,rising,R11,R9,R10,medium,9.4,Interior Monologue Particles & Self-Talk,False,False,"{""radway_main"": 3, ""radway_secondary"": 2, ""radway_other_plausible"": 1, ""radway_confidence_medium_high"": 1, ""rising_high_main_bonus"": 1}",False,False,
86,8,rising,R9,R8,R10,medium,4.2,Ongoing Courtship & Everyday Relational Bonding,False,False,"{""radway_main"": 3, ""radway_secondary"": 2, ""radway_other_plausible"": 1, ""radway_confidence_medium_high"": 1, ""rising_high_main_bonus"": 1}",False,False,
94,8,falling,R2,R5,R7,medium,4.3,"Secrets, Misunderstandings & Hidden Information",False,False,"{""radway_main"": 3, ""radway_secondary"": 2, ""radway_other_plausible"": 1, ""taxonomy_relevant"": 1, ""radway_confidence_medium_high"": 1}",True,False,
109,8,both,R3,R10,R7,medium,4.3,"Secrets, Misunderstandings & Hidden Information",False,False,"{""radway_main"": 3, ""radway_secondary"": 2, ""radway_other_plausible"": 1, ""taxonomy_relevant"": 1, ""radway_confidence_medium_high"": 1}",True,False,
116,8,rising,R9,R8,R13,medium,4.2,Ongoing Courtship & Everyday Relational Bonding,False,False,"{""radway_main"": 3, ""radway_secondary"": 2, ""radway_other_plausible"": 1, ""radway_confidence_medium_high"": 1, ""rising_high_main_bonus"": 1}",False,False,
135,8,rising,R11,R9,R13,medium,2.1,Attraction & Sexual Tension,False,False,"{""radway_main"": 3, ""radway_secondary"": 2, ""radway_other_plausible"": 1, ""radway_confidence_medium_high"": 1, ""rising_high_main_bonus"": 1}",False,False,
197,8,rising,R9,R8,R12,medium,2.2,Kissing & Non-Explicit Affection,False,False,"{""radway_main"": 3, ""radway_secondary"": 2, ""radway_other_plausible"": 1, ""radway_confidence_medium_high"": 1, ""rising_high_main_bonus"": 1}",False,False,
210,8,falling,R7,R1,R6,medium,4.4,"Conflict, Distance & Breakup Threats",False,True,"{""radway_main"": 3, ""radway_other_plausible"": 1, ""stage11_refined_match"": 2, ""taxonomy_relevant"": 1, ""radway_confidence_medium_high"": 1}",True,False,
214,8,falling,R3,R2,R5,medium,4.3,"Secrets, Misunderstandings & Hidden Information",False,False,"{""radway_main"": 3, ""radway_secondary"": 2, ""radway_other_plausible"": 1, ""taxonomy_relevant"": 1, ""radway_confidence_medium_high"": 1}",True,False,
244,8,rising,R10,R11,R1,medium,3.2,Negative Emotions & Distress,False,False,"{""radway_main"": 3, ""radway_secondary"": 2, ""taxonomy_relevant"": 1, ""radway_confidence_medium_high"": 1, ""rising_high_main_bonus"": 1}",False,False,
264,8,falling,R2,R5,R3,medium,4.3,"Secrets, Misunderstandings & Hidden Information",False,False,"{""radway_main"": 3, ""radway_secondary"": 2, ""radway_other_plausible"": 1, ""taxonomy_relevant"": 1, ""radway_confidence_medium_high"": 1}",True,False,
272,8,falling,R3,R5,R7,medium,4.3,"Secrets, Misunderstandings & Hidden Information",False,False,"{""radway_main"": 3, ""radway_secondary"": 2, ""radway_other_plausible"": 1, ""taxonomy_relevant"": 1, ""radway_confidence_medium_high"": 1}",True,False,
281,8,rising,R8,R9,R10,medium,3.2,Negative Emotions & Distress,False,False,"{""radway_main"": 3, ""radway_secondary"": 2, ""radway_other_plausible"": 1, ""taxonomy_relevant"": 1, ""radway_confidence_medium_high"": 1}",False,False,
282,8,rising,R10,R8,R9,medium,3.3,Ambivalence & Internal Conflict,False,False,"{""radway_main"": 3, ""radway_secondary"": 2, ""radway_other_plausible"": 1, ""radway_confidence_medium_high"": 1, ""rising_high_main_bonus"": 1}",False,False,
314,8,both,R11,R10,R3,low,4.3,"Secrets, Misunderstandings & Hidden Information",False,False,"{""radway_main"": 3, ""radway_secondary"": 2, ""radway_other_plausible"": 1, ""taxonomy_relevant"": 1, ""rising_high_main_bonus"": 1}",True,False,
315,8,falling,R6,R3,R4,medium,4.7,Jealousy & Possessive Romance Conflict,False,True,"{""radway_main"": 3, ""radway_secondary"": 2, ""stage11_refined_match"": 2, ""radway_confidence_medium_high"": 1}",False,False,
334,8,rising,R11,R9,R8,medium,4.1,First Contact & Relationship Setup,False,False,"{""radway_main"": 3, ""radway_secondary"": 2, ""radway_other_plausible"": 1, ""radway_confidence_medium_high"": 1, ""rising_high_main_bonus"": 1}",False,False,
351,8,rising,R9,R8,R13,medium,4.2,Ongoing Courtship & Everyday Relational Bonding,False,False,"{""radway_main"": 3, ""radway_secondary"": 2, ""radway_other_plausible"": 1, ""radway_confidence_medium_high"": 1, ""rising_high_main_bonus"": 1}",False,False,
356,8,rising,R8,R9,,medium,4.6,"Emotional Safety, Reassurance & Caretaking",True,False,"{""radway_main"": 3, ""radway_secondary"": 2, ""stage11_refined_match"": 2, ""radway_confidence_medium_high"": 1}",False,False,
362,8,falling,R6,R3,R7,medium,4.3,"Secrets, Misunderstandings & Hidden Information",False,False,"{""radway_main"": 3, ""radway_secondary"": 2, ""radway_other_plausible"": 1, ""taxonomy_relevant"": 1, ""radway_confidence_medium_high"": 1}",True,False,
1,7,rising,R12,R9,R8,high,2.3,Explicit Sexual Acts,False,False,"{""radway_main"": 3, ""radway_secondary"": 2, ""radway_other_plausible"": 1, ""radway_confidence_medium_high"": 1}",False,False,
13,7,rising,R9,R8,,medium,9.3,"Humor, Banter & Light Register",False,False,"{""radway_main"": 3, ""radway_secondary"": 2, ""radway_confidence_medium_high"": 1, ""rising_high_main_bonus"": 1}",False,False,
64,7,rising,R1,R10,R9,medium,3.2,Negative Emotions & Distress,False,True,"{""radway_secondary"": 2, ""radway_other_plausible"": 1, ""stage11_refined_match"": 2, ""taxonomy_relevant"": 1, ""radway_confidence_medium_high"": 1}",False,False,
65,7,rising,R11,R13,,high,4.5,"Reconciliation, Commitments & HEA",False,False,"{""radway_main"": 3, ""radway_secondary"": 2, ""radway_confidence_medium_high"": 1, ""rising_high_main_bonus"": 1}",False,False,
88,7,rising,R8,R9,R10,high,4.6,"Emotional Safety, Reassurance & Caretaking",False,False,"{""radway_main"": 3, ""radway_secondary"": 2, ""radway_other_plausible"": 1, ""radway_confidence_medium_high"": 1}",False,False,
99,7,rising,R11,R10,R9,low,9.2,"Promise, Vow & Future-Tense Speech Acts",False,False,"{""radway_main"": 3, ""radway_secondary"": 2, ""radway_other_plausible"": 1, ""rising_high_main_bonus"": 1}",False,False,
101,7,rising,R8,R9,R11,high,2.2,Kissing & Non-Explicit Affection,False,False,"{""radway_main"": 3, ""radway_secondary"": 2, ""radway_other_plausible"": 1, ""radway_confidence_medium_high"": 1}",False,False,
105,7,rising,R8,R9,R11,medium,4.2,Ongoing Courtship & Everyday Relational Bonding,False,False,"{""radway_main"": 3, ""radway_secondary"": 2, ""radway_other_plausible"": 1, ""radway_confidence_medium_high"": 1}",False,False,
117,7,falling,R6,R1,R5,medium,7.2,"Violence, Threats & Non-Sexual Coercion",False,True,"{""radway_main"": 3, ""radway_other_plausible"": 1, ""stage11_refined_match"": 2, ""radway_confidence_medium_high"": 1}",False,False,
142,7,falling,R3,R2,R5,medium,1.7,Facial Expression & Non-Sexual Nonverbal Cues,False,False,"{""radway_main"": 3, ""radway_secondary"": 2, ""radway_other_plausible"": 1, ""radway_confidence_medium_high"": 1}",False,False,
145,7,rising,R1,R9,R10,medium,3.2,Negative Emotions & Distress,False,True,"{""radway_secondary"": 2, ""radway_other_plausible"": 1, ""stage11_refined_match"": 2, ""taxonomy_relevant"": 1, ""radway_confidence_medium_high"": 1}",False,False,
170,7,rising,R9,R8,R13,low,1.6,Character Appearance & Self-Presentation,False,False,"{""radway_main"": 3, ""radway_secondary"": 2, ""radway_other_plausible"": 1, ""rising_high_main_bonus"": 1}",False,False,
185,7,rising,R8,R9,R11,medium,9.2,"Promise, Vow & Future-Tense Speech Acts",False,False,"{""radway_main"": 3, ""radway_secondary"": 2, ""radway_other_plausible"": 1, ""radway_confidence_medium_high"": 1}",False,False,
204,7,rising,R11,R13,,medium,4.5,"Reconciliation, Commitments & HEA",False,False,"{""radway_main"": 3, ""radway_secondary"": 2, ""radway_confidence_medium_high"": 1, ""rising_high_main_bonus"": 1}",False,False,
224,7,rising,R8,R11,R9,medium,4.6,"Emotional Safety, Reassurance & Caretaking",False,False,"{""radway_main"": 3, ""radway_secondary"": 2, ""radway_other_plausible"": 1, ""radway_confidence_medium_high"": 1}",False,False,
231,7,falling,R5,R2,R7,medium,3.3,Ambivalence & Internal Conflict,False,False,"{""radway_main"": 3, ""radway_secondary"": 2, ""radway_other_plausible"": 1, ""radway_confidence_medium_high"": 1}",False,False,
250,7,falling,R2,R5,R3,medium,9.3,"Humor, Banter & Light Register",False,False,"{""radway_main"": 3, ""radway_secondary"": 2, ""radway_other_plausible"": 1, ""radway_confidence_medium_high"": 1}",False,False,
257,7,falling,R3,R5,R7,medium,9.4,Interior Monologue Particles & Self-Talk,False,False,"{""radway_main"": 3, ""radway_secondary"": 2, ""radway_other_plausible"": 1, ""radway_confidence_medium_high"": 1}",False,False,
273,7,rising,R8,,R13,medium,4.6,"Emotional Safety, Reassurance & Caretaking",True,False,"{""radway_main"": 3, ""radway_other_plausible"": 1, ""stage11_refined_match"": 2, ""radway_confidence_medium_high"": 1}",False,False,
277,7,rising,R8,R11,R9,medium,4.6,"Emotional Safety, Reassurance & Caretaking",False,False,"{""radway_main"": 3, ""radway_secondary"": 2, ""radway_other_plausible"": 1, ""radway_confidence_medium_high"": 1}",False,False,
278,7,falling,R3,R2,R5,medium,3.3,Ambivalence & Internal Conflict,False,False,"{""radway_main"": 3, ""radway_secondary"": 2, ""radway_other_plausible"": 1, ""radway_confidence_medium_high"": 1}",False,False,
280,7,falling,R3,R2,R5,medium,4.1,First Contact & Relationship Setup,False,False,"{""radway_main"": 3, ""radway_secondary"": 2, ""radway_other_plausible"": 1, ""radway_confidence_medium_high"": 1}",False,False,
319,7,both,R10,R1,R2,medium,4.3,"Secrets, Misunderstandings & Hidden Information",False,False,"{""radway_main"": 3, ""radway_other_plausible"": 1, ""taxonomy_relevant"": 1, ""radway_confidence_medium_high"": 1, ""rising_high_main_bonus"": 1}",True,False,
322,7,both,R1,R10,R5,medium,3.2,Negative Emotions & Distress,False,True,"{""radway_secondary"": 2, ""radway_other_plausible"": 1, ""stage11_refined_match"": 2, ""taxonomy_relevant"": 1, ""radway_confidence_medium_high"": 1}",False,False,
329,7,falling,R6,,R3,medium,7.2,"Violence, Threats & Non-Sexual Coercion",True,True,"{""radway_main"": 3, ""radway_other_plausible"": 1, ""stage11_refined_match"": 2, ""radway_confidence_medium_high"": 1}",False,False,
332,7,rising,R9,R8,,medium,4.2,Ongoing Courtship & Everyday Relational Bonding,False,False,"{""radway_main"": 3, ""radway_secondary"": 2, ""radway_confidence_medium_high"": 1, ""rising_high_main_bonus"": 1}",False,False,
344,7,both,R3,R8,R10,medium,3.3,Ambivalence & Internal Conflict,False,False,"{""radway_main"": 3, ""radway_secondary"": 2, ""radway_other_plausible"": 1, ""radway_confidence_medium_high"": 1}",False,False,
372,7,rising,R8,,R9,medium,4.6,"Emotional Safety, Reassurance & Caretaking",True,False,"{""radway_main"": 3, ""radway_other_plausible"": 1, ""stage11_refined_match"": 2, ""radway_confidence_medium_high"": 1}",False,False,
4,6,falling,R2,R5,R1,medium,3.3,Ambivalence & Internal Conflict,False,False,"{""radway_main"": 3, ""radway_secondary"": 2, ""radway_confidence_medium_high"": 1}",False,False,
7,6,rising,R12,R9,R4,medium,2.3,Explicit Sexual Acts,False,False,"{""radway_main"": 3, ""radway_secondary"": 2, ""radway_confidence_medium_high"": 1}",False,False,
19,6,rising,R12,,R4,high,2.1,Attraction & Sexual Tension,True,False,"{""radway_main"": 3, ""stage11_refined_match"": 2, ""radway_confidence_medium_high"": 1}",False,False,
21,6,both,R7,R11,R3,low,9.2,"Promise, Vow & Future-Tense Speech Acts",False,False,"{""radway_main"": 3, ""radway_secondary"": 2, ""radway_other_plausible"": 1}",False,False,
52,6,rising,R8,R9,,medium,4.2,Ongoing Courtship & Everyday Relational Bonding,False,False,"{""radway_main"": 3, ""radway_secondary"": 2, ""radway_confidence_medium_high"": 1}",False,False,
58,6,rising,R8,R9,R1,medium,1.2,"Pain, Injury & Physical Vulnerability",False,False,"{""radway_main"": 3, ""radway_secondary"": 2, ""radway_confidence_medium_high"": 1}",False,False,
61,6,rising,R11,,R13,medium,8.3a,Commitment Symbols & Love Tokens,False,False,"{""radway_main"": 3, ""radway_other_plausible"": 1, ""radway_confidence_medium_high"": 1, ""rising_high_main_bonus"": 1}",False,False,
82,6,falling,R6,,R1,medium,7.2,"Violence, Threats & Non-Sexual Coercion",False,True,"{""radway_main"": 3, ""stage11_refined_match"": 2, ""radway_confidence_medium_high"": 1}",False,False,
123,6,rising,R8,R9,R11,low,9.2,"Promise, Vow & Future-Tense Speech Acts",False,False,"{""radway_main"": 3, ""radway_secondary"": 2, ""radway_other_plausible"": 1}",False,False,
140,6,rising,R8,R9,R10,low,6.6,Material Glamour & Consumption,False,False,"{""radway_main"": 3, ""radway_secondary"": 2, ""radway_other_plausible"": 1}",False,False,
161,6,rising,R9,,,low,4.6,"Emotional Safety, Reassurance & Caretaking",True,False,"{""radway_main"": 3, ""stage11_refined_match"": 2, ""rising_high_main_bonus"": 1}",False,False,
194,6,both,R11,R4,R7,low,4.3,"Secrets, Misunderstandings & Hidden Information",False,False,"{""radway_main"": 3, ""radway_other_plausible"": 1, ""taxonomy_relevant"": 1, ""rising_high_main_bonus"": 1}",True,False,
233,6,rising,R9,R4,R8,medium,1.7,Facial Expression & Non-Sexual Nonverbal Cues,False,False,"{""radway_main"": 3, ""radway_other_plausible"": 1, ""radway_confidence_medium_high"": 1, ""rising_high_main_bonus"": 1}",False,False,
237,6,falling,R7,R1,R5,medium,4.3,"Secrets, Misunderstandings & Hidden Information",False,False,"{""radway_main"": 3, ""radway_other_plausible"": 1, ""taxonomy_relevant"": 1, ""radway_confidence_medium_high"": 1}",True,False,
265,6,falling,R7,R1,R5,medium,4.3,"Secrets, Misunderstandings & Hidden Information",False,False,"{""radway_main"": 3, ""radway_other_plausible"": 1, ""taxonomy_relevant"": 1, ""radway_confidence_medium_high"": 1}",True,False,
289,6,rising,R9,,,low,4.6,"Emotional Safety, Reassurance & Caretaking",True,False,"{""radway_main"": 3, ""stage11_refined_match"": 2, ""rising_high_main_bonus"": 1}",False,False,
299,6,rising,R9,,,low,4.6,"Emotional Safety, Reassurance & Caretaking",True,False,"{""radway_main"": 3, ""stage11_refined_match"": 2, ""rising_high_main_bonus"": 1}",False,False,
307,6,rising,R12,,R9,low,4.6,"Emotional Safety, Reassurance & Caretaking",True,False,"{""radway_main"": 3, ""radway_other_plausible"": 1, ""stage11_refined_match"": 2}",False,False,
326,6,rising,R13,,R11,medium,5.1,"Family, Kinship & Parenthood",False,False,"{""radway_main"": 3, ""radway_other_plausible"": 1, ""radway_confidence_medium_high"": 1, ""rising_high_main_bonus"": 1}",False,False,
335,6,rising,R11,,,low,7.3,"Risk, Danger & External Crises",True,False,"{""radway_main"": 3, ""stage11_refined_match"": 2, ""rising_high_main_bonus"": 1}",False,False,
358,6,rising,R8,R9,,high,4.6,"Emotional Safety, Reassurance & Caretaking",False,False,"{""radway_main"": 3, ""radway_secondary"": 2, ""radway_confidence_medium_high"": 1}",False,False,
5,5,both,R3,R4,R9,medium,1.7,Facial Expression & Non-Sexual Nonverbal Cues,False,False,"{""radway_main"": 3, ""radway_other_plausible"": 1, ""radway_confidence_medium_high"": 1}",False,False,
18,5,rising,R8,,R13,medium,1.6,Character Appearance & Self-Presentation,False,False,"{""radway_main"": 3, ""radway_other_plausible"": 1, ""radway_confidence_medium_high"": 1}",False,False,
26,5,falling,R3,R4,R5,medium,1.7,Facial Expression & Non-Sexual Nonverbal Cues,False,False,"{""radway_main"": 3, ""radway_other_plausible"": 1, ""radway_confidence_medium_high"": 1}",False,False,
31,5,rising,R8,,R13,medium,4.6,"Emotional Safety, Reassurance & Caretaking",False,False,"{""radway_main"": 3, ""radway_other_plausible"": 1, ""radway_confidence_medium_high"": 1}",False,False,
54,5,rising,R9,,R8,low,4.2,Ongoing Courtship & Everyday Relational Bonding,False,False,"{""radway_main"": 3, ""radway_other_plausible"": 1, ""rising_high_main_bonus"": 1}",False,False,
57,5,rising,R8,,R9,medium,1.7,Facial Expression & Non-Sexual Nonverbal Cues,False,False,"{""radway_main"": 3, ""radway_other_plausible"": 1, ""radway_confidence_medium_high"": 1}",False,False,
70,5,rising,R8,,R9,medium,4.6,"Emotional Safety, Reassurance & Caretaking",False,False,"{""radway_main"": 3, ""radway_other_plausible"": 1, ""radway_confidence_medium_high"": 1}",False,False,
83,5,rising,R8,,R9,medium,4.6,"Emotional Safety, Reassurance & Caretaking",False,False,"{""radway_main"": 3, ""radway_other_plausible"": 1, ""radway_confidence_medium_high"": 1}",False,False,
93,5,rising,R9,,R8,low,4.2,Ongoing Courtship & Everyday Relational Bonding,False,False,"{""radway_main"": 3, ""radway_other_plausible"": 1, ""rising_high_main_bonus"": 1}",False,False,
130,5,falling,R3,,R8,low,4.3,"Secrets, Misunderstandings & Hidden Information",False,False,"{""radway_main"": 3, ""radway_other_plausible"": 1, ""taxonomy_relevant"": 1}",True,False,
160,5,rising,R8,R9,,low,4.2,Ongoing Courtship & Everyday Relational Bonding,False,False,"{""radway_main"": 3, ""radway_secondary"": 2}",False,False,
173,5,rising,R8,,R9,medium,4.6,"Emotional Safety, Reassurance & Caretaking",False,False,"{""radway_main"": 3, ""radway_other_plausible"": 1, ""radway_confidence_medium_high"": 1}",False,False,
174,5,rising,R9,,R8|R11,low,4.2,Ongoing Courtship & Everyday Relational Bonding,False,False,"{""radway_main"": 3, ""radway_other_plausible"": 1, ""rising_high_main_bonus"": 1}",False,False,
179,5,both,R7,R1,R9,low,3.2,Negative Emotions & Distress,False,False,"{""radway_main"": 3, ""radway_other_plausible"": 1, ""taxonomy_relevant"": 1}",False,False,
193,5,rising,R8,,R13,medium,4.6,"Emotional Safety, Reassurance & Caretaking",False,False,"{""radway_main"": 3, ""radway_other_plausible"": 1, ""radway_confidence_medium_high"": 1}",False,False,
196,5,both,R3,R4,R11,medium,2.1,Attraction & Sexual Tension,False,False,"{""radway_main"": 3, ""radway_other_plausible"": 1, ""radway_confidence_medium_high"": 1}",False,False,
213,5,rising,R12,R4,R9,medium,2.5,"Sexual Negotiation, Safety Preparation & Boundaries",False,False,"{""radway_main"": 3, ""radway_other_plausible"": 1, ""radway_confidence_medium_high"": 1}",False,False,
228,5,rising,R8,,R9,medium,1.2,"Pain, Injury & Physical Vulnerability",False,False,"{""radway_main"": 3, ""radway_other_plausible"": 1, ""radway_confidence_medium_high"": 1}",False,False,
286,5,both,R1,R10,R2,medium,4.3,"Secrets, Misunderstandings & Hidden Information",False,False,"{""radway_secondary"": 2, ""radway_other_plausible"": 1, ""taxonomy_relevant"": 1, ""radway_confidence_medium_high"": 1}",True,False,
330,5,rising,R9,,R8,low,4.2,Ongoing Courtship & Everyday Relational Bonding,False,False,"{""radway_main"": 3, ""radway_other_plausible"": 1, ""rising_high_main_bonus"": 1}",False,False,
337,5,rising,R12,,R9,high,2.1,Attraction & Sexual Tension,False,False,"{""radway_main"": 3, ""radway_other_plausible"": 1, ""radway_confidence_medium_high"": 1}",False,False,
367,5,rising,R8,R9,,low,4.2,Ongoing Courtship & Everyday Relational Bonding,False,False,"{""radway_main"": 3, ""radway_secondary"": 2}",False,False,
11,4,falling,R4,R3,R2,medium,2.1,Attraction & Sexual Tension,False,False,"{""radway_secondary"": 2, ""radway_other_plausible"": 1, ""radway_confidence_medium_high"": 1}",False,False,
25,4,rising,R12,,R4,medium,2.1,Attraction & Sexual Tension,False,False,"{""radway_main"": 3, ""radway_confidence_medium_high"": 1}",False,False,
41,4,rising,R12,,R4,high,2.3,Explicit Sexual Acts,False,False,"{""radway_main"": 3, ""radway_confidence_medium_high"": 1}",False,False,
50,4,rising,R10,R1,,low,3.3,Ambivalence & Internal Conflict,False,False,"{""radway_main"": 3, ""rising_high_main_bonus"": 1}",False,False,
63,4,rising,R12,,,high,2.3,Explicit Sexual Acts,False,False,"{""radway_main"": 3, ""radway_confidence_medium_high"": 1}",False,False,
66,4,falling,R1,,R5,medium,3.2,Negative Emotions & Distress,False,True,"{""radway_other_plausible"": 1, ""stage11_refined_match"": 2, ""taxonomy_relevant"": 1}",False,False,
92,4,falling,R1,,R5,low,3.2,Negative Emotions & Distress,False,True,"{""radway_other_plausible"": 1, ""stage11_refined_match"": 2, ""taxonomy_relevant"": 1}",False,False,
104,4,rising,R12,,R4,medium,2.1,Attraction & Sexual Tension,False,False,"{""radway_main"": 3, ""radway_confidence_medium_high"": 1}",False,False,
121,4,falling,R2,,,low,4.3,"Secrets, Misunderstandings & Hidden Information",False,False,"{""radway_main"": 3, ""taxonomy_relevant"": 1}",True,False,
131,4,falling,R3,R4,R5,low,1.7,Facial Expression & Non-Sexual Nonverbal Cues,False,False,"{""radway_main"": 3, ""radway_other_plausible"": 1}",False,False,
144,4,falling,R7,R1,,medium,8.5,"Movement, Transit & Spatial Transition",False,False,"{""radway_main"": 3, ""radway_confidence_medium_high"": 1}",False,False,
151,4,falling,R4,R3,R12,medium,2.5,"Sexual Negotiation, Safety Preparation & Boundaries",False,False,"{""radway_secondary"": 2, ""radway_other_plausible"": 1, ""radway_confidence_medium_high"": 1}",False,False,
155,4,falling,R4,R6,R3,high,2.1,Attraction & Sexual Tension,False,False,"{""radway_secondary"": 2, ""radway_other_plausible"": 1, ""radway_confidence_medium_high"": 1}",False,False,
156,4,rising,R12,,,high,2.5,"Sexual Negotiation, Safety Preparation & Boundaries",False,False,"{""radway_main"": 3, ""radway_confidence_medium_high"": 1}",False,False,
162,4,rising,R12,,R8,low,1.1,Body Parts & Physical Reactions,False,False,"{""radway_main"": 3, ""radway_other_plausible"": 1}",False,False,
165,4,both,R4,R3,R11,medium,2.1,Attraction & Sexual Tension,False,False,"{""radway_secondary"": 2, ""radway_other_plausible"": 1, ""radway_confidence_medium_high"": 1}",False,False,
169,4,rising,R11,,,low,9.2,"Promise, Vow & Future-Tense Speech Acts",False,False,"{""radway_main"": 3, ""rising_high_main_bonus"": 1}",False,False,
172,4,rising,R9,,,low,4.6,"Emotional Safety, Reassurance & Caretaking",False,False,"{""radway_main"": 3, ""rising_high_main_bonus"": 1}",False,False,
190,4,rising,R8,,R9,low,4.6,"Emotional Safety, Reassurance & Caretaking",False,False,"{""radway_main"": 3, ""radway_other_plausible"": 1}",False,False,
201,4,rising,R11,,,low,3.3,Ambivalence & Internal Conflict,False,False,"{""radway_main"": 3, ""rising_high_main_bonus"": 1}",False,False,
208,4,rising,R12,,R4,high,2.3,Explicit Sexual Acts,False,False,"{""radway_main"": 3, ""radway_confidence_medium_high"": 1}",False,False,
218,4,falling,R1,R2,R5,medium,1.6,Character Appearance & Self-Presentation,False,False,"{""radway_secondary"": 2, ""radway_other_plausible"": 1, ""radway_confidence_medium_high"": 1}",False,False,
220,4,falling,R1,,R2,medium,3.2,Negative Emotions & Distress,False,True,"{""radway_other_plausible"": 1, ""stage11_refined_match"": 2, ""taxonomy_relevant"": 1}",False,False,
230,4,rising,R12,,,high,2.3,Explicit Sexual Acts,False,False,"{""radway_main"": 3, ""radway_confidence_medium_high"": 1}",False,False,
248,4,falling,R2,,,low,4.3,"Secrets, Misunderstandings & Hidden Information",False,False,"{""radway_main"": 3, ""taxonomy_relevant"": 1}",True,False,
279,4,rising,R4,R9,R12,medium,2.1,Attraction & Sexual Tension,False,False,"{""radway_secondary"": 2, ""radway_other_plausible"": 1, ""radway_confidence_medium_high"": 1}",False,False,
291,4,rising,R13,,,low,3.3,Ambivalence & Internal Conflict,False,False,"{""radway_main"": 3, ""rising_high_main_bonus"": 1}",False,False,
292,4,rising,R12,,R12,low,2.3,Explicit Sexual Acts,False,False,"{""radway_main"": 3, ""radway_other_plausible"": 1}",False,False,
296,4,falling,R3,,R6,low,1.7,Facial Expression & Non-Sexual Nonverbal Cues,False,False,"{""radway_main"": 3, ""radway_other_plausible"": 1}",False,False,
306,4,both,R1,R10,R5,medium,3.3,Ambivalence & Internal Conflict,False,False,"{""radway_secondary"": 2, ""radway_other_plausible"": 1, ""radway_confidence_medium_high"": 1}",False,False,
313,4,rising,R11,,,low,10.1,Paranormal & Immortal Beings,False,False,"{""radway_main"": 3, ""rising_high_main_bonus"": 1}",False,False,
340,4,rising,R8,,R9,low,4.6,"Emotional Safety, Reassurance & Caretaking",False,False,"{""radway_main"": 3, ""radway_other_plausible"": 1}",False,False,
346,4,falling,R2,,,low,4.3,"Secrets, Misunderstandings & Hidden Information",False,False,"{""radway_main"": 3, ""taxonomy_relevant"": 1}",True,False,
348,4,both,R8,,R6,low,7.1,Interpersonal Non-Romantic Conflict,False,False,"{""radway_main"": 3, ""radway_other_plausible"": 1}",False,False,
365,4,falling,R4,R5,R7,medium,2.1,Attraction & Sexual Tension,False,False,"{""radway_secondary"": 2, ""radway_other_plausible"": 1, ""radway_confidence_medium_high"": 1}",False,False,
370,4,both,R4,R3,R9,medium,2.1,Attraction & Sexual Tension,False,False,"{""radway_secondary"": 2, ""radway_other_plausible"": 1, ""radway_confidence_medium_high"": 1}",False,False,
59,3,falling,R1,,R5,medium,5.1,"Family, Kinship & Parenthood",True,False,"{""radway_other_plausible"": 1, ""stage11_refined_match"": 2}",False,False,
103,3,falling,R7,,R1,low,1.7,Facial Expression & Non-Sexual Nonverbal Cues,False,False,"{""radway_main"": 3}",False,False,
133,3,none,none,,,medium,3.2,Negative Emotions & Distress,False,True,"{""stage11_refined_match"": 2, ""taxonomy_relevant"": 1}",False,False,
166,3,falling,R1,R5,R4,medium,1.1,Body Parts & Physical Reactions,False,False,"{""radway_secondary"": 2, ""radway_confidence_medium_high"": 1}",False,False,
352,3,none,R4,,R12,medium,2.1,Attraction & Sexual Tension,True,False,"{""radway_other_plausible"": 1, ""stage11_refined_match"": 2}",False,False,
353,3,rising,R12,,,low,2.1,Attraction & Sexual Tension,False,False,"{""radway_main"": 3}",False,False,
366,3,none,none,,,medium,3.2,Negative Emotions & Distress,False,True,"{""stage11_refined_match"": 2, ""taxonomy_relevant"": 1}",False,False,
20,2,none,none,,,medium,9.2,"Promise, Vow & Future-Tense Speech Acts",True,False,"{""stage11_refined_match"": 2}",False,False,
73,2,none,none,,,high,9.2,"Promise, Vow & Future-Tense Speech Acts",True,False,"{""stage11_refined_match"": 2}",False,False,
87,2,none,none,,,high,7.2,"Violence, Threats & Non-Sexual Coercion",False,True,"{""stage11_refined_match"": 2}",False,False,
113,2,none,none,,,high,7.2,"Violence, Threats & Non-Sexual Coercion",False,True,"{""stage11_refined_match"": 2}",False,False,
114,2,none,none,,,high,7.2,"Violence, Threats & Non-Sexual Coercion",False,True,"{""stage11_refined_match"": 2}",False,False,
148,2,none,none,,,high,7.2,"Violence, Threats & Non-Sexual Coercion",True,True,"{""stage11_refined_match"": 2}",False,False,
181,2,none,none,,,high,9.2,"Promise, Vow & Future-Tense Speech Acts",False,True,"{""stage11_refined_match"": 2}",False,False,
223,2,none,none,,,high,7.3,"Risk, Danger & External Crises",False,True,"{""stage11_refined_match"": 2}",False,False,
238,2,none,none,,,high,9.2,"Promise, Vow & Future-Tense Speech Acts",True,False,"{""stage11_refined_match"": 2}",False,False,
239,2,none,none,,,high,5.2,"Friends, Allies & Social Circles",True,False,"{""stage11_refined_match"": 2}",False,False,
249,2,none,none,,,high,7.2,"Violence, Threats & Non-Sexual Coercion",False,True,"{""stage11_refined_match"": 2}",False,False,
258,2,none,none,,,high,9.1,Dialogue Delivery & Speech Tags,True,False,"{""stage11_refined_match"": 2}",False,False,
269,2,none,none,,,high,7.2,"Violence, Threats & Non-Sexual Coercion",False,True,"{""stage11_refined_match"": 2}",False,False,
28,1,both,R1,,R5|R9,medium,1.7,Facial Expression & Non-Sexual Nonverbal Cues,False,False,"{""radway_other_plausible"": 1}",False,False,
34,1,falling,R1,,R5,medium,3.3,Ambivalence & Internal Conflict,False,False,"{""radway_other_plausible"": 1}",False,False,
72,1,falling,R4,,R3,medium,2.1,Attraction & Sexual Tension,False,False,"{""radway_other_plausible"": 1}",False,False,
98,1,none,R4,,R12,medium,2.1,Attraction & Sexual Tension,False,False,"{""radway_other_plausible"": 1}",False,False,
139,1,none,R4,,R8,medium,2.1,Attraction & Sexual Tension,False,False,"{""radway_other_plausible"": 1}",False,False,
152,1,none,none,,,medium,3.2,Negative Emotions & Distress,False,False,"{""taxonomy_relevant"": 1}",False,False,
159,1,rising,R1,,R10,medium,3.3,Ambivalence & Internal Conflict,False,False,"{""radway_other_plausible"": 1}",False,False,
245,1,none,R4,,R12,low,2.1,Attraction & Sexual Tension,False,False,"{""radway_other_plausible"": 1}",False,False,
263,1,falling,R1,R4,R2,medium,3.3,Ambivalence & Internal Conflict,False,False,"{""radway_other_plausible"": 1}",False,False,
267,1,rising,R4,,R9,low,1.7,Facial Expression & Non-Sexual Nonverbal Cues,False,False,"{""radway_other_plausible"": 1}",False,False,
285,1,none,none,,,high,3.2,Negative Emotions & Distress,False,False,"{""taxonomy_relevant"": 1}",True,False,
0,0,none,none,,,high,8.5,"Movement, Transit & Spatial Transition",False,False,{},False,False,
2,0,none,none,,,high,8.3b,Everyday Props & Communication Media,False,False,{},False,False,
9,0,none,none,,,high,9.2,"Promise, Vow & Future-Tense Speech Acts",False,False,{},False,False,
10,0,none,none,,,high,6.5,Institutional Settings & Procedures,False,False,{},False,False,
12,0,none,none,,,high,1.1,Body Parts & Physical Reactions,False,False,{},False,False,
14,0,none,none,,,medium,9.1,Dialogue Delivery & Speech Tags,False,False,{},False,False,
15,0,none,none,,,high,noise,Noise / Technical / Paratext,False,False,{},False,False,
16,0,none,none,,,high,uncertain_interpretable,Interpretable but Not Axis-Safe,False,False,{},False,False,
17,0,none,none,,,high,8.1,Domestic Spaces & Routines,False,False,{},False,False,
22,0,none,none,,,high,6.1b,Generic Business / Institutional Negotiation,False,False,{},False,False,
23,0,none,none,,,medium,1.1,Body Parts & Physical Reactions,False,False,{},False,False,
27,0,none,none,,,high,7.3,"Risk, Danger & External Crises",False,False,{},False,False,
30,0,none,none,,,high,8.5,"Movement, Transit & Spatial Transition",False,False,{},False,False,
32,0,none,none,,,high,8.3b,Everyday Props & Communication Media,False,False,{},False,False,
33,0,none,none,,,high,10.1,Paranormal & Immortal Beings,False,False,{},False,False,
35,0,none,none,,,high,8.4,"Time, Seasons & Temporal Framing",False,False,{},False,False,
40,0,none,none,,,high,uncertain_interpretable,Interpretable but Not Axis-Safe,False,False,{},False,False,
42,0,none,none,,,high,1.7,Facial Expression & Non-Sexual Nonverbal Cues,False,False,{},False,False,
44,0,none,none,,,medium,3.3,Ambivalence & Internal Conflict,False,False,{},False,False,
47,0,none,none,,,high,1.1,Body Parts & Physical Reactions,False,False,{},False,False,
48,0,none,none,,,medium,9.1,Dialogue Delivery & Speech Tags,False,False,{},False,False,
49,0,none,none,,,high,8.2,"Public, Travel & Leisure Spaces",False,False,{},False,False,
53,0,none,none,,,high,8.3b,Everyday Props & Communication Media,False,False,{},False,False,
55,0,none,none,,,medium,2.5,"Sexual Negotiation, Safety Preparation & Boundaries",False,False,{},False,False,
60,0,none,none,,,medium,3.3,Ambivalence & Internal Conflict,False,False,{},False,False,
67,0,none,none,,,medium,5.3b,"Community Judgment, Gossip & Social Events",False,False,{},False,False,
68,0,none,none,,,high,9.2,"Promise, Vow & Future-Tense Speech Acts",False,False,{},False,False,
69,0,none,none,,,high,10.1,Paranormal & Immortal Beings,False,False,{},False,False,
71,0,none,none,,,high,8.5,"Movement, Transit & Spatial Transition",False,False,{},False,False,
74,0,none,none,,,high,1.7,Facial Expression & Non-Sexual Nonverbal Cues,False,False,{},False,False,
75,0,none,none,,,high,5.1,"Family, Kinship & Parenthood",False,False,{},False,False,
76,0,none,none,,,high,9.1,Dialogue Delivery & Speech Tags,False,False,{},False,False,
77,0,none,none,,,high,1.6,Character Appearance & Self-Presentation,False,False,{},False,False,
79,0,none,none,,,high,6.2,Work & Professional Identity,False,False,{},False,False,
81,0,none,none,,,high,5.1,"Family, Kinship & Parenthood",False,False,{},False,False,
84,0,none,none,,,high,8.3b,Everyday Props & Communication Media,False,False,{},False,False,
89,0,none,none,,,high,8.4,"Time, Seasons & Temporal Framing",False,False,{},False,False,
90,0,none,none,,,high,1.7,Facial Expression & Non-Sexual Nonverbal Cues,False,False,{},False,False,
91,0,none,none,,,high,7.1,Interpersonal Non-Romantic Conflict,False,False,{},False,False,
95,0,none,none,,,medium,3.3,Ambivalence & Internal Conflict,False,False,{},False,False,
97,0,none,none,,,high,9.3,"Humor, Banter & Light Register",False,False,{},False,False,
106,0,none,none,,,high,8.5,"Movement, Transit & Spatial Transition",False,False,{},False,False,
107,0,none,none,,,medium,1.1,Body Parts & Physical Reactions,False,False,{},False,False,
108,0,none,none,,,high,9.3,"Humor, Banter & Light Register",False,False,{},False,False,
110,0,none,none,,,medium,9.2,"Promise, Vow & Future-Tense Speech Acts",False,False,{},False,False,
111,0,none,none,,,high,9.2,"Promise, Vow & Future-Tense Speech Acts",False,False,{},False,False,
112,0,none,R1,,,medium,6.4,"Economic Precarity, Security & Dependency",False,False,{},False,False,
115,0,none,none,,,high,8.5,"Movement, Transit & Spatial Transition",False,False,{},False,False,
120,0,none,none,,,high,8.1,Domestic Spaces & Routines,False,False,{},False,False,
122,0,none,none,,,high,1.2,"Pain, Injury & Physical Vulnerability",False,False,{},False,False,
125,0,none,none,,,high,2.5,"Sexual Negotiation, Safety Preparation & Boundaries",False,False,{},False,False,
127,0,none,none,,,high,1.6,Character Appearance & Self-Presentation,False,False,{},False,False,
132,0,none,none,,,high,1.2,"Pain, Injury & Physical Vulnerability",False,False,{},False,False,
134,0,none,none,,,high,9.2,"Promise, Vow & Future-Tense Speech Acts",False,False,{},False,False,
136,0,none,none,,,high,9.4,Interior Monologue Particles & Self-Talk,False,False,{},False,False,
137,0,none,none,,,high,6.2,Work & Professional Identity,False,False,{},False,False,
138,0,none,none,,,medium,3.1,"Positive Resolution, Relief & Emotional Payoff",False,False,{},False,False,
141,0,none,none,,,high,6.3,Shared Workplaces & Professional Interaction,False,False,{},False,False,
143,0,none,none,,,high,5.1,"Family, Kinship & Parenthood",False,False,{},False,False,
146,0,none,none,,,high,9.2,"Promise, Vow & Future-Tense Speech Acts",False,False,{},False,False,
147,0,none,none,,,high,6.1b,Generic Business / Institutional Negotiation,False,False,{},False,False,
150,0,none,none,,,high,9.1,Dialogue Delivery & Speech Tags,False,False,{},False,False,
153,0,none,none,,,high,8.1,Domestic Spaces & Routines,False,False,{},False,False,
154,0,none,none,,,medium,1.1,Body Parts & Physical Reactions,False,False,{},False,False,
158,0,none,none,,,high,5.2,"Friends, Allies & Social Circles",False,False,{},False,False,
163,0,none,none,,,medium,1.2,"Pain, Injury & Physical Vulnerability",False,False,{},False,False,
164,0,none,none,,,high,9.2,"Promise, Vow & Future-Tense Speech Acts",False,False,{},False,False,
168,0,none,none,,,high,9.2,"Promise, Vow & Future-Tense Speech Acts",False,False,{},False,False,
171,0,none,none,,,medium,1.6,Character Appearance & Self-Presentation,False,False,{},False,False,
176,0,none,none,,,high,9.2,"Promise, Vow & Future-Tense Speech Acts",False,False,{},False,False,
178,0,none,none,,,high,6.1b,Generic Business / Institutional Negotiation,False,False,{},False,False,
180,0,none,none,,,high,uncertain_interpretable,Interpretable but Not Axis-Safe,False,False,{},False,False,
182,0,none,none,,,high,8.3b,Everyday Props & Communication Media,False,False,{},False,False,
183,0,none,none,,,high,8.3b,Everyday Props & Communication Media,False,False,{},False,False,
184,0,none,none,,,high,7.3,"Risk, Danger & External Crises",False,False,{},False,False,
186,0,none,none,,,high,10.1,Paranormal & Immortal Beings,False,False,{},False,False,
187,0,none,none,,,low,uncertain_interpretable,Interpretable but Not Axis-Safe,False,False,{},False,False,
188,0,none,none,,,medium,10.1,Paranormal & Immortal Beings,False,False,{},False,False,
189,0,none,none,,,high,6.3,Shared Workplaces & Professional Interaction,False,False,{},False,False,
191,0,none,none,,,high,6.2,Work & Professional Identity,False,False,{},False,False,
192,0,none,none,,,high,1.6,Character Appearance & Self-Presentation,False,False,{},False,False,
198,0,none,none,,,high,1.7,Facial Expression & Non-Sexual Nonverbal Cues,False,False,{},False,False,
199,0,none,none,,,high,7.4,Unwanted or Coercive Sexual Contact,False,False,{},False,False,
200,0,none,none,,,high,8.5,"Movement, Transit & Spatial Transition",False,False,{},False,False,
202,0,none,none,,,high,1.7,Facial Expression & Non-Sexual Nonverbal Cues,False,False,{},False,False,
203,0,none,none,,,high,2.5,"Sexual Negotiation, Safety Preparation & Boundaries",False,False,{},False,False,
205,0,none,none,,,high,1.7,Facial Expression & Non-Sexual Nonverbal Cues,False,False,{},False,False,
206,0,none,none,,,high,8.5,"Movement, Transit & Spatial Transition",False,False,{},False,False,
207,0,none,none,,,high,3.3,Ambivalence & Internal Conflict,False,False,{},False,False,
209,0,none,none,,,medium,1.6,Character Appearance & Self-Presentation,False,False,{},False,False,
211,0,none,none,,,high,9.2,"Promise, Vow & Future-Tense Speech Acts",False,False,{},False,False,
212,0,none,none,,,high,8.3b,Everyday Props & Communication Media,False,False,{},False,False,
215,0,none,none,,,high,3.3,Ambivalence & Internal Conflict,False,False,{},False,False,
216,0,none,none,,,medium,8.3b,Everyday Props & Communication Media,False,False,{},False,False,
219,0,none,none,,,high,9.2,"Promise, Vow & Future-Tense Speech Acts",False,False,{},False,False,
221,0,none,none,,,high,uncertain_interpretable,Interpretable but Not Axis-Safe,False,False,{},False,False,
222,0,none,none,,,medium,1.7,Facial Expression & Non-Sexual Nonverbal Cues,False,False,{},False,False,
225,0,none,none,,,high,8.3b,Everyday Props & Communication Media,False,False,{},False,False,
226,0,none,none,,,medium,3.3,Ambivalence & Internal Conflict,False,False,{},False,False,
227,0,none,none,,,medium,2.5,"Sexual Negotiation, Safety Preparation & Boundaries",False,False,{},False,False,
234,0,none,none,,,high,8.5,"Movement, Transit & Spatial Transition",False,False,{},False,False,
235,0,none,none,,,high,8.1,Domestic Spaces & Routines,False,False,{},False,False,
236,0,none,none,,,high,10.3,"Mystery, Suspense & Investigation",False,False,{},False,False,
241,0,none,none,,,medium,1.6,Character Appearance & Self-Presentation,False,False,{},False,False,
243,0,none,none,,,high,5.1,"Family, Kinship & Parenthood",False,False,{},False,False,
246,0,none,none,,,high,1.7,Facial Expression & Non-Sexual Nonverbal Cues,False,False,{},False,False,
251,0,none,none,,,medium,3.3,Ambivalence & Internal Conflict,False,False,{},False,False,
252,0,none,none,,,high,9.1,Dialogue Delivery & Speech Tags,False,False,{},False,False,
253,0,none,none,,,high,1.6,Character Appearance & Self-Presentation,False,False,{},False,False,
255,0,none,none,,,high,10.1,Paranormal & Immortal Beings,False,False,{},False,False,
259,0,none,none,,,high,7.3,"Risk, Danger & External Crises",False,False,{},False,False,
260,0,none,none,,,high,8.2,"Public, Travel & Leisure Spaces",False,False,{},False,False,
262,0,none,none,,,high,9.4,Interior Monologue Particles & Self-Talk,False,False,{},False,False,
268,0,none,none,,,high,1.6,Character Appearance & Self-Presentation,False,False,{},False,False,
270,0,none,none,,,high,8.5,"Movement, Transit & Spatial Transition",False,False,{},False,False,
274,0,none,none,,,high,9.4,Interior Monologue Particles & Self-Talk,False,False,{},False,False,
275,0,none,none,,,high,9.3,"Humor, Banter & Light Register",False,False,{},False,False,
276,0,none,none,,,high,9.4,Interior Monologue Particles & Self-Talk,False,False,{},False,False,
284,0,none,none,,,high,7.3,"Risk, Danger & External Crises",False,False,{},False,False,
287,0,none,none,,,high,3.4,"Beliefs, Values & Moral Reflection",False,False,{},False,False,
295,0,none,none,,,high,uncertain_interpretable,Interpretable but Not Axis-Safe,False,False,{},False,False,
304,0,none,none,,,high,10.1,Paranormal & Immortal Beings,False,False,{},False,False,
308,0,none,none,,,high,8.4,"Time, Seasons & Temporal Framing",False,False,{},False,False,
311,0,none,none,,,high,9.2,"Promise, Vow & Future-Tense Speech Acts",False,False,{},False,False,
312,0,none,none,,,high,noise,Noise / Technical / Paratext,False,False,{},False,False,
317,0,none,none,,,medium,3.3,Ambivalence & Internal Conflict,False,False,{},False,False,
320,0,none,none,,,high,6.5,Institutional Settings & Procedures,False,False,{},False,False,
321,0,none,none,,,high,8.2,"Public, Travel & Leisure Spaces",False,False,{},False,False,
323,0,none,none,,,medium,1.6,Character Appearance & Self-Presentation,False,False,{},False,False,
324,0,none,none,,,high,7.3,"Risk, Danger & External Crises",False,False,{},False,False,
325,0,none,none,,,high,9.3,"Humor, Banter & Light Register",False,False,{},False,False,
327,0,none,none,,,high,7.3,"Risk, Danger & External Crises",False,False,{},False,False,
328,0,none,none,,,high,1.7,Facial Expression & Non-Sexual Nonverbal Cues,False,False,{},False,False,
333,0,none,none,,,high,10.1,Paranormal & Immortal Beings,False,False,{},False,False,
336,0,none,none,,,medium,9.4,Interior Monologue Particles & Self-Talk,False,False,{},False,False,
339,0,none,none,,,high,8.2,"Public, Travel & Leisure Spaces",False,False,{},False,False,
341,0,none,none,,,high,5.3b,"Community Judgment, Gossip & Social Events",False,False,{},False,False,
342,0,none,none,,,high,uncertain_interpretable,Interpretable but Not Axis-Safe,False,False,{},False,False,
345,0,none,none,,,high,7.4,Unwanted or Coercive Sexual Contact,False,False,{},False,False,
347,0,none,none,,,high,1.6,Character Appearance & Self-Presentation,False,False,{},False,False,
349,0,none,none,,,high,9.2,"Promise, Vow & Future-Tense Speech Acts",False,False,{},False,False,
350,0,none,none,,,medium,1.7,Facial Expression & Non-Sexual Nonverbal Cues,False,False,{},False,False,
354,0,none,none,,,high,1.6,Character Appearance & Self-Presentation,False,False,{},False,False,
357,0,none,none,,,high,7.1,Interpersonal Non-Romantic Conflict,False,False,{},False,False,
360,0,none,none,,,high,6.1b,Generic Business / Institutional Negotiation,False,False,{},False,False,
363,0,none,none,,,high,10.3,"Mystery, Suspense & Investigation",False,False,{},False,False,
364,0,none,none,,,high,1.6,Character Appearance & Self-Presentation,False,False,{},False,False,
368,0,none,none,,,high,1.7,Facial Expression & Non-Sexual Nonverbal Cues,False,False,{},False,False,
369,0,none,none,,,high,9.3,"Humor, Banter & Light Register",False,False,{},False,False,
371,0,none,none,,,high,5.2,"Friends, Allies & Social Circles",False,False,{},False,False,
