family,topic_id,topic_label,taxonomy_id,cliffs_delta,ci_low,ci_high,verdict
enacted_protection,68,Promising to Set Things Straight,9.2,0.0396831576126111,0.015707038784456805,0.061207334058316444,directional_only
enacted_protection,78,Swearing War Before He Takes Her,7.2,0.16482199251369667,0.14196895600167744,0.18609517979379644,clears_gate
enacted_protection,87,Threatening Death As A Warning,7.2,0.1618975663494191,0.1409223473531196,0.18292036373156983,clears_gate
enacted_protection,107,Gritted Teeth and Clenched Fists,1.1,0.0057315527537598054,-0.01560308454464451,0.02518706910648809,no reliable effect
enacted_protection,113,Knife Handed Over For Combat,7.2,0.07697198098075875,0.05538898509197201,0.09950974432924964,directional_only
enacted_protection,114,Guns Aimed Across The Room,7.2,0.1305603373324158,0.10868287481665329,0.15388303003153697,clears_gate
enacted_protection,122,Wound Bleeding and Blood Loss,1.2,0.12880941770739796,0.10994989538629213,0.15086932028344247,clears_gate
enacted_protection,119,Offering to Keep Her Safe,4.6,0.1596908019693486,0.14099617585143623,0.1815888402534488,clears_gate
enacted_protection,307,Hauling Someone Up The Stairs,4.6,0.08632467923947851,0.0672272640769888,0.10639960849305838,directional_only
enacted_protection,363,Asking The Sheriff For Help,10.3,0.09333587366875928,0.0725135509284836,0.11414712409536124,directional_only
emotional_security,6,Whispered Reassurance,4.6,0.014568096398286379,-0.00855630802817262,0.03627562138309589,no reliable effect
emotional_security,29,Confessing Long-Held Love,4.5,0.07981475350634515,0.058869906525920807,0.10259226405108439,directional_only
emotional_security,36,Eagerly Offering to Help,4.6,0.10589298469734931,0.0836150563253221,0.12774374286123544,directional_only
emotional_security,38,Admitting Shared Pain,4.2,0.04400813705143669,0.01889281861720475,0.0671894782901655,directional_only
emotional_security,45,Reassured Everything Will Be Fine,4.6,0.054565536604144205,0.03207375541867484,0.0780983870888887,directional_only
emotional_security,46,Asking Someone to Trust You,4.6,0.09336933049926865,0.07252242410316176,0.1127509955504969,directional_only
emotional_security,56,Promising Never to Hurt You,4.6,0.13765705282027207,0.11748152595545885,0.15742961916056994,clears_gate
emotional_security,59,Mother's Disapproval Looms,5.1,0.10181077706900221,0.0802095286001903,0.12334351291758375,directional_only
emotional_security,85,Offering and Refusing An Apology,4.4,-0.0186739098819656,-0.03997591308871342,0.0039041877371120567,no reliable effect
emotional_security,96,Confessing Long-Standing Worry,4.6,0.05785685686613329,0.0345650524469567,0.07802844881363975,directional_only
emotional_security,119,Offering to Keep Her Safe,4.6,0.1596908019693486,0.14099617585143623,0.1815888402534488,clears_gate
emotional_security,128,Confessing How Much You've Missed,4.5,0.1262266379563035,0.10569023156140074,0.1455966624385308,clears_gate
emotional_security,137,Pitching A Career Change,6.2,0.044254922222172866,0.022540365647766927,0.06424361713360403,directional_only
emotional_security,141,Warned to Use His Title,6.3,0.05622863660971178,0.03645293984841319,0.07587268329691269,directional_only
emotional_security,157,Swearing to Save Him From Himself,4.5,0.05936117374588146,0.039983231998419175,0.07949365914618899,directional_only
emotional_security,161,Reassuring Squeeze on The Shoulder,4.6,0.06088052248404807,0.043465283558131375,0.07809812530834465,directional_only
emotional_security,175,Gentleman Offers Steadying Support,4.6,-0.01366337554099184,-0.02950824223796059,0.0054114699428139835,no reliable effect
emotional_security,193,Nurse Arranged After Hospital Release,4.6,0.13529927663924424,0.11431551921899719,0.15365297692456495,clears_gate
emotional_security,232,Conversation Cut Short By Arrival,4.2,0.07222286233291375,0.058643934276628666,0.0850924034241406,directional_only
emotional_security,238,Relaying A Message For Her,9.2,0.14801925712409747,0.1269741336012604,0.17022823505477544,clears_gate
emotional_security,240,Unsure How to Offer Comfort,4.6,0.07208929040652934,0.0534610334096188,0.09099613845421561,directional_only
emotional_security,242,Trading Forgiveness For Old Wrongs,4.5,0.04858179888584746,0.02559878970189271,0.07047907098298942,directional_only
emotional_security,247,Promising You Will Not Be Alone,4.6,0.05283158254748699,0.028641630060564527,0.07359688455977853,directional_only
emotional_security,258,Shouting Above The Crowd,9.1,0.09429054261871173,0.07478175346920334,0.11429405777502079,directional_only
emotional_security,273,Mentor Gives Firm Instructions,4.6,0.0874523969867107,0.06600928220905856,0.1100460308706211,directional_only
emotional_security,289,Quick Peck on The Forehead,4.6,0.09434483243746628,0.07726058171686737,0.11301834828042472,directional_only
emotional_security,293,Admitting Jealousy Out Loud,4.7,-0.013808257846283478,-0.03601682258328033,0.005946954359410413,no reliable effect
emotional_security,299,Pledging to Have Your Back,4.6,0.03856926771572011,0.01915513001937286,0.059655253630868786,directional_only
emotional_security,305,Confessing A Lifelong Regret,4.5,0.008245667559359626,-0.018141973640687644,0.030410366268743213,no reliable effect
emotional_security,307,Hauling Someone Up The Stairs,4.6,0.08632467923947851,0.0672272640769888,0.10639960849305838,directional_only
emotional_security,352,Daring Someone to Try,2.1,0.0005130168961737791,-0.020512533286262694,0.020365911554150396,no reliable effect
emotional_security,355,Blanket Draped Over Someone,4.6,0.012604359224347439,-0.012101388498599734,0.035163173559515606,no reliable effect
emotional_security,356,Admitting Exhaustion After A Long Day,4.6,0.04889465856045727,0.027935748400840125,0.06748875912519546,directional_only
emotional_security,372,Told to Keep Up Strength,4.6,0.1448172158852885,0.12248724608837844,0.16487077855613452,clears_gate
emotional_security,61,Planning to Exchange Rings,8.3a,0.051177129509019315,0.03037784892938507,0.07288839330375949,directional_only
emotional_security,65,Declaring A True Partnership,4.5,-0.023900837310999012,-0.048208043766350336,-0.0038787284390429367,directional_only
emotional_security,93,Meal Plans Casually Arranged,4.2,-0.02558152313151263,-0.05113294058833088,-0.008248329146912125,directional_only
emotional_security,143,Complaining About Family Pressure,5.1,0.11178806363905092,0.0909536634207825,0.13322007144219078,clears_gate
emotional_security,167,Planning A Wedding Reception,5.3a,0.027961299823769714,0.004917082335253208,0.04922100494978666,directional_only
emotional_security,170,Staying Close Despite Long Separation,1.6,-0.06236718057866375,-0.08172992719691523,-0.04113840842683065,directional_only
emotional_security,190,Offering to Get Someone Cleaned Up,4.6,0.05106906066281591,0.029607288320603563,0.07334948552734857,directional_only
emotional_security,277,Promising to Handle The Lawyer,4.6,0.004340522088549736,-0.014024961969763052,0.025886231124163345,no reliable effect
emotional_security,315,Claiming Her As His Own,4.7,0.07235366139221133,0.05599031141997283,0.09021754656428267,directional_only
emotional_security,351,Warm Greeting Upon Return,4.2,0.0535053892496089,0.03354429075058374,0.07388888935508729,directional_only
emotional_security,358,Reassuring Squeeze of The Hand,4.6,0.08369848222741783,0.06127217719029319,0.10643389171092976,directional_only
